city,B06009_002E,B06009_003E,B06009_004E,B06009_005E,B06009_006E,B25077_001E,B27011_014E,B25099_001E,B06007_005E,B06007_008E,B17010B_002E
"fife, washington",662,1873,2123,877,399,223500.0,432,80886.0,371,608,13
"frederickson, washington",1012,3874,5877,1526,585,204400.0,760,73036.0,312,757,43
"anacortes, washington",657,2646,4275,2793,1706,311700.0,423,73779.0,98,114,7
"shoreline, washington",3689,6387,13430,11083,6047,336800.0,2265,85780.0,1352,3666,127
"kenmore, washington",865,2093,4385,4806,2712,403900.0,709,102428.0,554,1167,8
"kent, washington",11589,21028,27744,13613,5504,250900.0,5127,84687.0,6879,14205,787
"auburn, washington",5942,14386,16456,7696,3252,233400.0,2772,77920.0,3152,4269,151
"des moines, washington",3169,5512,7760,3434,1623,254800.0,1072,73814.0,1974,1883,158
"marysville, washington",4214,12048,17568,5331,2231,228300.0,2807,78249.0,1453,1794,18
"walla walla, washington",2563,5229,7991,3102,1680,170600.0,1040,53268.0,2743,401,10
"union gap, washington",1363,1131,898,141,47,92500.0,181,36273.0,890,39,14
"yakima, washington",15421,15245,17247,5653,4197,156700.0,4249,57010.0,15023,440,40
"olympia, washington",2282,6158,11342,8607,5839,242100.0,2198,80070.0,811,1884,17
"east stroudsburg, pennsylvania",740,1566,1384,796,472,160100.0,897,62844.0,127,305,48
"stroudsburg, pennsylvania",589,1071,1042,497,356,177900.0,405,70046.0,374,183,50
"penndel, pennsylvania",98,796,485,204,144,258700.0,218,71250.0,60,42,18
"reading, pennsylvania",17552,18042,10074,3237,1366,67600.0,7499,42385.0,18149,941,928
"wernersville, pennsylvania",193,775,491,263,154,172100.0,140,66420.0,38,41,5
"lancaster, pennsylvania",8557,13074,7402,4449,2603,109100.0,3190,53367.0,6225,1681,614
"east mckeesport, pennsylvania",105,701,508,147,77,70600.0,49,55078.0,4,6,7
"levittown, pennsylvania",2784,16656,10766,4248,1651,223700.0,1833,76145.0,748,584,9
"morrisville, pennsylvania",519,1893,1909,1228,544,199300.0,464,78246.0,111,334,20
"bothell, washington",1723,4924,8851,9159,4003,355100.0,1568,104572.0,1087,2234,46
"kirkland, washington",2256,7370,16945,22387,12517,436400.0,3041,108219.0,1116,4467,17
"burien, washington",5569,8702,11155,5522,2379,274500.0,1691,74420.0,3633,3347,329
"union hill-novelty hill, washington",245,1284,3470,5552,4509,584700.0,476,133450.0,61,889,10
"lacey, washington",1913,6550,11692,6278,3453,223600.0,1595,75346.0,1002,2551,98
"spanaway, washington",2295,6675,7377,1612,639,184400.0,1156,69322.0,617,942,23
"tacoma, washington",16999,38389,46262,23335,12635,203600.0,9926,72181.0,5519,10852,920
"kennewick, washington",6426,12847,17988,6688,3529,170800.0,2390,71106.0,5634,1451,45
"beaver falls, pennsylvania",811,2141,1304,472,242,58500.0,392,47311.0,3,54,80
"bath, pennsylvania",244,713,464,251,78,159900.0,166,63906.0,5,14,13
"arlington heights, pennsylvania",333,1289,996,1096,338,182300.0,223,75125.0,12,372,40
"conshohocken, pennsylvania",384,1262,897,2254,1203,275300.0,361,85588.0,60,68,18
"yardley, pennsylvania",28,269,316,614,487,317900.0,78,101324.0,3,24,4
"braddock hills, pennsylvania",133,545,383,235,93,79700.0,67,54531.0,21,12,8
"carnot-moon, pennsylvania",550,1766,2141,2181,1331,162700.0,469,74211.0,308,297,23
"wilkes-barre, pennsylvania",4326,10586,6954,2752,1193,77700.0,1907,46964.0,1240,576,594
"darby, pennsylvania",855,2781,1824,370,194,76700.0,624,44449.0,170,258,475
"bressler, pennsylvania",133,450,196,130,73,118500.0,56,60268.0,61,32,70
"mount vernon, washington",4084,5136,6695,3061,1404,205800.0,1347,62457.0,3745,840,31
"bremerton, washington",1687,6581,11923,3657,1546,178300.0,1641,67574.0,763,784,128
"prairie ridge, washington",848,3065,3205,677,264,200400.0,456,77956.0,41,45,28
"puyallup, washington",2067,8115,9472,4521,2288,255300.0,1767,90000.0,468,913,14
"university place, washington",1015,4431,8146,4756,2546,282200.0,1667,91640.0,127,1377,72
"tumwater, washington",815,2482,5067,2442,1931,214000.0,679,72407.0,85,381,113
"five corners, washington",1236,3714,5070,1409,619,197000.0,1008,72336.0,165,1146,54
"pullman, washington",262,1107,2496,3503,4059,222900.0,1680,89301.0,155,1668,12
"burlington, washington",757,1961,2152,457,319,186900.0,354,60110.0,581,137,9
"bonney lake, washington",808,3312,4654,1715,1021,255200.0,639,89008.0,236,84,17
"lakewood, washington",4762,10829,16584,5293,2656,209100.0,3335,66459.0,2219,2915,249
"tracyton, washington",265,1045,1868,660,225,208900.0,311,75077.0,26,247,76
"brier, washington",265,827,1775,1151,524,362400.0,228,108650.0,70,172,11
"edmonds, washington",1316,5243,9748,9815,4967,393700.0,1256,91457.0,314,2099,87
"bainbridge island, washington",270,1510,3555,6320,5348,548100.0,561,119270.0,51,218,49
"naches, washington",76,217,194,50,18,146800.0,2,55833.0,6,2,7
"hazel dell, washington",1574,3444,5610,2372,695,213400.0,695,62673.0,718,483,21
"rainier, washington",162,472,540,196,76,171700.0,172,70543.0,7,5,5
"everett, washington",8422,19111,28123,10962,4404,230800.0,4922,75363.0,3919,6653,149
"north lynnwood, washington",1070,2280,4930,3051,999,250300.0,904,77966.0,603,1920,13
"birch bay, washington",469,1348,2301,1345,811,241600.0,538,63714.0,20,256,19
"redmond, washington",1918,3428,9159,14517,12023,485100.0,1628,130617.0,1890,5393,54
"pasco, washington",10513,10141,10759,4088,1978,163300.0,2201,68103.0,14246,889,38
"renton, washington",7392,15608,21719,16191,6783,291300.0,3455,83723.0,4132,10332,424
"covington, washington",930,3432,4374,2613,1005,267700.0,634,96364.0,284,761,16
"federal way, washington",6130,16515,23302,10097,4628,245800.0,3929,78340.0,4120,7305,481
"parkland, washington",3103,8061,7683,2102,812,172400.0,2111,65433.0,1376,1766,175
"toppenish, washington",2390,942,839,205,104,113400.0,319,43304.0,2342,69,25
"bellevue, washington",4452,10777,20677,35819,25856,562000.0,4402,113681.0,3451,17023,88
"meadowdale, washington",125,387,804,494,185,356900.0,110,94671.0,10,156,9
"ilwaco, washington",30,219,312,74,60,194300.0,34,39600.0,25,4,2
"martha lake, washington",815,2093,4242,2940,1164,332600.0,640,94158.0,439,1161,115
"mountlake terrace, washington",1319,3637,5674,2750,1332,261100.0,832,77616.0,540,1084,66
"bellingham, washington",3661,9312,16628,13113,7210,285900.0,4128,69645.0,1301,2600,34
"south hill, washington",1951,9916,13742,5753,2802,236700.0,2227,86155.0,959,1567,31
"seatac, washington",3285,5805,6300,2407,1124,231700.0,1325,64460.0,1637,4003,290
"lititz, pennsylvania",555,2475,1670,1363,773,186600.0,171,71506.0,119,320,12
"mount joy, pennsylvania",461,2401,1255,801,472,156500.0,263,68554.0,56,10,46
"easton, pennsylvania",3118,6011,4562,1839,1124,125800.0,1385,60000.0,1569,488,281
"prospect park, pennsylvania",364,1626,1399,908,145,177800.0,186,72314.0,51,273,12
"glassport, pennsylvania",398,1474,927,384,94,56500.0,282,42250.0,8,46,15
"verona, pennsylvania",90,648,619,287,79,77400.0,142,52868.0,20,16,33
"milton, pennsylvania",807,2257,1164,374,267,106300.0,423,55259.0,124,18,17
"boyertown, pennsylvania",416,1205,626,307,164,155400.0,262,62083.0,20,39,20
"pottstown, pennsylvania",2421,6205,3936,1698,904,129000.0,977,62735.0,475,154,238
"adamstown, pennsylvania",117,520,368,285,115,198400.0,27,73462.0,3,62,3
"lebanon, pennsylvania",4167,7084,3102,1041,673,88100.0,1691,56144.0,3316,209,126
"issaquah, washington",486,2352,6335,8244,6011,446500.0,1006,116053.0,114,1357,143
"port townsend, washington",323,1498,2219,2013,1447,288800.0,358,52128.0,16,128,10
"vancouver, washington",11629,29620,42587,19192,10305,200100.0,7786,68736.0,5802,7513,233
"elma, washington",119,672,842,113,38,162800.0,259,59808.0,19,36,4
"hoquiam, washington",845,1685,2442,395,300,104300.0,542,47936.0,385,22,17
"airway heights, washington",495,1680,2272,331,50,148000.0,164,52500.0,160,154,13
"braddock, pennsylvania",216,705,378,76,39,31700.0,108,33333.0,6,17,70
"pocono springs, pennsylvania",65,353,248,90,80,131500.0,48,66250.0,5,20,1
"fairless hills, pennsylvania",430,2739,2080,824,250,227300.0,418,72917.0,22,383,17
"freemansburg, pennsylvania",259,683,495,258,114,158300.0,103,68650.0,184,54,5
"hermitage, pennsylvania",670,4403,3129,2279,1631,132400.0,415,66412.0,22,58,45
"yeadon, pennsylvania",582,2762,2583,1280,698,139700.0,495,65318.0,36,445,266
"trappe, pennsylvania",113,617,546,708,407,249600.0,153,92679.0,109,30,25
"spokane, washington",11817,36033,52252,24682,15735,159400.0,8837,60846.0,1028,6897,230
"oak harbor, washington",1013,3536,6153,2379,724,223000.0,758,69602.0,246,918,36
"spokane valley, washington",5009,18214,26614,9893,3689,168400.0,3763,61460.0,778,1643,13
"belfair, washington",463,466,1015,120,55,178700.0,46,59512.0,332,13,85
"boulevard park, washington",597,693,936,319,109,221300.0,154,60982.0,441,355,16
"pine ridge, pennsylvania",392,607,492,239,134,116900.0,162,54828.0,45,152,30
"shiloh, pennsylvania",837,3339,2113,1526,676,169700.0,320,73118.0,82,134,41
"millbourne, pennsylvania",155,301,111,114,48,123500.0,109,73125.0,113,343,9
"york, pennsylvania",6132,11603,5276,2133,915,78800.0,3223,45976.0,3963,343,1029
"hazleton, pennsylvania",3886,6434,3623,1120,636,84400.0,1539,44940.0,5515,255,106
"uniontown, pennsylvania",1218,3507,1624,717,341,76900.0,345,42340.0,9,231,117
"west grove, pennsylvania",304,569,423,262,182,198300.0,115,81364.0,490,10,10
"state college, pennsylvania",316,1363,2012,3331,4799,277100.0,1534,105772.0,105,1644,36
"audubon, pennsylvania",169,1143,879,2102,1654,341900.0,113,124722.0,27,391,46
"chambersburg, pennsylvania",2498,4890,2895,1921,1032,157300.0,745,56512.0,1390,124,275
"coatesville, pennsylvania",1630,3221,1636,660,302,134600.0,906,59617.0,996,63,505
"downingtown, pennsylvania",566,1764,1383,1308,455,219100.0,341,83405.0,50,345,37
"phoenixville, pennsylvania",940,3874,2379,3310,1408,209200.0,659,72851.0,991,216,129
"columbia, pennsylvania",1193,3651,1396,587,256,102700.0,385,54603.0,124,139,37
"bellevue, pennsylvania",482,2014,1862,1319,669,101600.0,419,69250.0,28,82,49
"coraopolis, pennsylvania",419,1394,1216,816,275,83600.0,249,51494.0,8,62,41
"bethlehem, pennsylvania",6375,16314,13162,7474,5570,170500.0,2545,65004.0,4999,1422,218
"harrisburg, pennsylvania",6204,11208,7619,3808,2026,84400.0,3771,48836.0,2954,1808,1470
"paxtang, pennsylvania",57,309,320,226,177,136400.0,67,74375.0,7,18,2
"bernville, pennsylvania",83,221,158,65,29,157500.0,29,61818.0,23,3,4
"canonsburg, pennsylvania",618,2482,1622,1434,524,128600.0,331,55397.0,76,75,21
"altoona, pennsylvania",3388,15148,7143,3700,1599,85400.0,1747,49281.0,42,90,124
"colonial park, pennsylvania",787,2919,2652,1531,1131,156900.0,393,71818.0,335,511,70
"allentown, pennsylvania",16646,26030,19250,7625,3711,126900.0,7323,55123.0,17189,2939,1038
"fountain hill, pennsylvania",492,1060,873,473,487,131600.0,122,50709.0,278,13,17
"sharon, pennsylvania",1288,4043,2375,1326,480,59500.0,629,47722.0,98,197,128
"dale, pennsylvania",131,409,176,51,8,40800.0,55,35000.0,5,16,7
"berwick, pennsylvania",1052,3383,1327,699,297,97400.0,426,49543.0,86,185,13
"lawnton, pennsylvania",237,994,761,461,217,162000.0,155,72625.0,10,122,51
"rutherford, pennsylvania",353,1192,1069,498,109,147500.0,183,66139.0,53,218,77
"collingdale, pennsylvania",512,2340,1816,694,289,119300.0,519,59358.0,31,187,151
"colwyn, pennsylvania",175,575,458,277,83,92500.0,145,58990.0,25,130,74
"midland, washington",938,2003,1634,620,142,157300.0,400,45590.0,553,521,24
"jenkintown, pennsylvania",49,558,558,1139,809,253800.0,76,86500.0,50,29,16
"oreland, pennsylvania",195,986,871,923,723,290100.0,290,99637.0,55,88,11
"temple, pennsylvania",133,575,213,158,31,126200.0,68,63182.0,36,11,12
"monroevi, pennsylvania",1207,5887,6169,5111,3174,132400.0,758,71688.0,44,561,91
"mohnton, pennsylvania",157,779,559,359,214,159400.0,86,66007.0,20,23,14
"waynesboro, pennsylvania",1087,3253,1800,755,451,140000.0,731,55224.0,109,79,108
"old forge, pennsylvania",563,2592,1636,1069,475,137100.0,308,60064.0,34,60,5
"plum, pennsylvania",1139,5940,5939,4471,2424,141700.0,818,75735.0,105,250,18
"oil, pennsylvania",682,3423,1829,748,276,47700.0,559,45099.0,29,30,1
"butler, pennsylvania",1018,3729,3038,970,405,91600.0,669,54578.0,35,88,8
"philadelphia, pennsylvania",184130,346344,233308,152759,107468,145300.0,99628,51181.0,60905,86596,34644
"new brighton, pennsylvania",429,1836,1168,518,192,69700.0,214,50582.0,34,17,31
"mahanoy, pennsylvania",418,1280,622,260,66,29100.0,308,35075.0,106,18,18
"elizabethtown, pennsylvania",500,2601,1743,1226,730,165100.0,289,78106.0,30,197,48
"east pittsburgh, pennsylvania",117,501,380,99,31,39300.0,75,42368.0,22,31,80
"north braddock, pennsylvania",441,1350,1090,257,114,37400.0,292,38750.0,19,44,191
"linwood, pennsylvania",241,1162,506,137,88,97500.0,290,71579.0,3,42,44
"edgewood, pennsylvania",52,226,469,678,926,180500.0,76,100000.0,20,57,15
"jefferson hills, pennsylvania",332,2388,2088,2064,1153,189700.0,364,86137.0,45,28,15
"pittsburgh, pennsylvania",17430,58724,49566,39961,38038,94700.0,13561,59374.0,1452,9411,5295
"scranton, pennsylvania",7280,19253,12592,6924,3400,103700.0,2872,52415.0,2879,3044,337
"new kensington, pennsylvania",1071,3789,2528,1371,711,89800.0,595,55304.0,117,57,190
"trainer, pennsylvania",155,551,277,83,20,104200.0,82,49167.0,20,17,13
"woodlyn, pennsylvania",697,3337,1751,754,392,187500.0,398,78865.0,98,293,50
"carlisle, pennsylvania",1155,3866,2772,2273,1934,165900.0,828,77140.0,122,540,285
"williamsport, pennsylvania",2457,6900,4853,2196,1270,101900.0,1767,54040.0,58,93,311
"oxford, pennsylvania",704,1289,541,451,211,191700.0,207,63929.0,457,49,22
"west chester, pennsylvania",803,2000,1689,3190,1507,313700.0,821,87445.0,941,200,50
"coaldale, pennsylvania",207,687,447,122,76,47300.0,114,36488.0,7,15,12
"aliquippa, pennsylvania",778,2779,2055,589,412,64700.0,535,40878.0,26,166,416
"erie, pennsylvania",8495,26902,15344,9459,4552,85900.0,4591,49264.0,1267,3364,1222
"palmyra, pennsylvania",500,2330,1281,941,435,148200.0,324,66542.0,45,154,11
"pleasant hill, pennsylvania",147,636,448,262,193,111000.0,74,51339.0,89,29,51
"king of prussia, pennsylvania",769,3188,2629,4709,3225,292400.0,561,86820.0,127,1900,6
"kulpsville, pennsylvania",287,1551,1439,1802,1335,237900.0,334,84314.0,24,370,12
"west homestead, pennsylvania",65,563,381,230,121,106200.0,81,55795.0,3,10,24
"atglen, pennsylvania",122,285,204,116,82,220200.0,76,92143.0,54,2,8
"dupont, washington",99,615,2021,1751,984,294600.0,140,102928.0,29,201,9
"stevenson, washington",142,258,366,160,80,247400.0,67,65556.0,12,8,11
"milton, washington",260,1580,1976,760,382,223800.0,177,74194.0,27,142,12
"seattle, washington",31738,52530,112717,167762,114980,452800.0,22590,106937.0,9269,45785,2431
"aberdeen, washington",1601,3320,4200,963,562,121000.0,660,54155.0,1173,134,8
"okanogan, washington",298,691,469,204,90,116900.0,84,39906.0,7,9,6
"bryn mawr-skyway, washington",1804,2953,3452,2041,949,279600.0,517,77077.0,252,2270,211
"alderwood manor, washington",504,1690,2332,1252,571,295400.0,465,72391.0,218,644,60
"mukilteo, washington",423,2330,4404,4681,2480,442300.0,734,119395.0,111,1580,12
"farrell, pennsylvania",449,1302,991,389,88,60500.0,282,41064.0,1,23,131
"carnegie, pennsylvania",402,2087,1665,1101,479,95200.0,311,57119.0,6,162,98
"mount oliver, pennsylvania",421,825,590,175,68,49400.0,329,46060.0,24,160,118
"new castle, pennsylvania",2181,7435,3830,1669,741,61400.0,963,44796.0,98,224,287
"norristown, pennsylvania",3861,8530,5238,3225,1297,153200.0,2090,65759.0,3812,663,692
"sharpsville, pennsylvania",141,1281,947,410,199,88800.0,193,50767.0,15,34,6
"washington, pennsylvania",1320,3850,2279,1166,453,95700.0,657,51290.0,29,154,130
"lemoyne, pennsylvania",196,900,1057,590,436,146400.0,202,75156.0,53,81,4
"quakertown, pennsylvania",774,2516,1584,982,370,177100.0,356,71462.0,155,88,10
"wilkinsburg, pennsylvania",1074,3542,3437,2130,1440,72800.0,1023,50779.0,80,62,620
"warminster heights, pennsylvania",895,968,559,177,59,268100.0,368,65000.0,568,71,37
"steelton, pennsylvania",358,1618,1069,258,166,92300.0,222,53722.0,225,41,119
"west york, pennsylvania",295,1389,995,203,44,103300.0,212,59391.0,67,20,44
"ambler, pennsylvania",388,1286,1244,1071,669,256600.0,460,90553.0,232,126,33
"ardmore, pennsylvania",541,1221,1599,2924,2878,300400.0,493,94468.0,491,348,44
"drexel hill, pennsylvania",975,5791,4953,4545,2947,186700.0,1284,85303.0,302,815,140
"folcroft, pennsylvania",394,1988,1083,634,173,118300.0,324,60533.0,16,232,158
"media, pennsylvania",210,678,1065,1288,897,285700.0,239,83068.0,14,28,36
"forest hills, pennsylvania",97,1241,1144,1409,1264,121100.0,171,77981.0,19,95,17
"pleasant hills, pennsylvania",191,1731,1891,1598,879,150100.0,331,76906.0,87,47,38
"weigelstown, pennsylvania",899,3736,2284,1338,629,147100.0,242,61067.0,157,63,17
"paoli, pennsylvania",216,995,876,1317,990,320800.0,149,82222.0,101,286,10
"matamoras, pennsylvania",131,623,414,272,185,180200.0,74,66250.0,16,20,4
"highspire, pennsylvania",239,726,483,188,25,96000.0,91,54250.0,95,4,15
"pitcairn, pennsylvania",155,963,683,283,157,59600.0,227,44493.0,24,18,28
"west view, pennsylvania",335,1482,1550,1119,395,118400.0,147,69632.0,18,19,6
"meadville, pennsylvania",999,2758,1975,1309,1114,91500.0,531,67308.0,15,99,70
"titusville, pennsylvania",497,1553,827,398,227,70300.0,314,49052.0,10,12,15
"progress, pennsylvania",486,2231,2186,1313,435,148600.0,373,74331.0,280,152,90
"aldan, pennsylvania",183,1258,805,538,266,167000.0,142,71750.0,14,13,29
"sharpsburg, pennsylvania",332,1019,696,325,102,68400.0,213,52692.0,103,89,22
"springdale, pennsylvania",180,1087,783,305,169,90400.0,145,58438.0,4,27,14
"bloomsburg, pennsylvania",739,2377,1477,834,653,130000.0,409,58571.0,11,39,39
"mckeesport, pennsylvania",1968,6221,3801,1109,619,47100.0,1295,42131.0,28,137,691
"pennsbury village, pennsylvania",16,120,118,263,107,104000.0,22,53229.0,3,12,13
"wrightsville, pennsylvania",347,876,299,90,56,114400.0,123,54712.0,19,30,17
"kenhorst, pennsylvania",181,923,574,347,71,128100.0,89,60685.0,35,14,18
"baldwin, pennsylvania",1010,5380,4258,2443,1151,116400.0,656,65545.0,96,754,80
"palmer heights, pennsylvania",88,1168,878,472,229,197200.0,104,70913.0,142,33,43
"glenolden, pennsylvania",427,2316,1222,884,261,156500.0,210,71125.0,25,69,27
"gettysburg, pennsylvania",581,959,880,491,507,213300.0,288,60833.0,236,110,33
"penbrook, pennsylvania",208,794,561,308,117,115900.0,105,59402.0,53,211,103
"johnstown, pennsylvania",2158,7029,3453,947,551,43100.0,1300,36821.0,47,54,385
"bristol, pennsylvania",782,3380,1616,471,399,182900.0,328,65156.0,288,26,62
"monessen, pennsylvania",569,2551,1633,638,287,75800.0,318,42905.0,11,49,95
"wilmerding, pennsylvania",164,607,319,90,39,49200.0,155,36250.0,6,6,34
"sunbury, pennsylvania",1451,3240,1389,401,177,77700.0,452,46698.0,138,54,21
"plymouth, pennsylvania",446,1925,1155,373,144,77700.0,202,43690.0,15,53,21
"clover creek, washington",404,1684,1805,466,321,234900.0,268,73333.0,159,489,43
"eastmont, washington",1006,2990,5487,3709,1211,309600.0,719,98626.0,296,1507,15
"fairwood, washington",781,2281,4852,4189,1820,332300.0,516,110271.0,575,1129,20
"white center, washington",2172,2761,3155,1236,533,238000.0,652,64390.0,1347,2067,174
"lakeland north, washington",678,2351,3519,1582,516,256400.0,436,75066.0,307,851,6
"tukwila, washington",2243,4019,3949,2024,750,241000.0,903,74808.0,880,3888,180
"port angeles, washington",1135,4028,5585,1565,1255,189800.0,993,58961.0,47,218,41
"centralia, washington",2072,3155,4211,930,589,149500.0,1021,47286.0,1100,34,8
"millwood, washington",89,341,539,129,86,158500.0,34,57708.0,2,17,5
"lynnwood, washington",2980,6242,9098,5354,1902,280000.0,1156,73727.0,1188,4839,25
"greensburg, pennsylvania",684,3349,2726,2145,1100,126100.0,522,61289.0,25,85,17
"east lansdowne, pennsylvania",166,742,517,290,146,138000.0,50,73900.0,31,129,17
"telford, pennsylvania",464,1177,946,638,221,216600.0,200,85750.0,129,161,57
"catasauqua, pennsylvania",454,1846,1346,542,321,146800.0,305,64931.0,114,330,36
"brookhaven, pennsylvania",581,2040,1619,1059,773,196700.0,410,69635.0,40,87,19
"arnold, pennsylvania",419,1668,1181,191,77,57700.0,200,43714.0,22,69,131
"parkside, pennsylvania",100,648,432,216,142,138500.0,134,68125.0,6,26,50
"upland, pennsylvania",500,889,343,179,39,97500.0,108,50089.0,4,9,109
"willow grove, pennsylvania",644,3263,2908,2565,1449,244500.0,571,87684.0,72,627,45
"north york, pennsylvania",173,584,268,105,25,94900.0,72,56625.0,53,5,3
"chester, pennsylvania",4148,9207,4801,1491,578,67900.0,2815,42461.0,1056,263,1563
"lansdale, pennsylvania",1003,3399,3144,2478,1230,221200.0,577,76386.0,295,725,75
"clairton, pennsylvania",389,2200,1532,479,161,46600.0,515,37472.0,4,6,157
"duquesne, pennsylvania",383,1617,902,280,143,38600.0,532,37694.0,6,43,286
"west mifflin, pennsylvania",958,5890,4883,2306,719,90600.0,897,57488.0,35,44,103
"saw creek, pennsylvania",387,660,792,230,281,141300.0,283,63654.0,143,47,22
"marietta, pennsylvania",246,934,414,222,56,123400.0,124,60682.0,3,6,9
"kingston, pennsylvania",746,3171,3054,1836,1223,125900.0,362,65493.0,182,244,68
"dauphin, pennsylvania",29,248,223,98,53,149000.0,45,67031.0,6,6,2
"paxtonia, pennsylvania",226,883,1100,943,448,160800.0,42,86699.0,26,122,84
"kittanning, pennsylvania",483,1232,730,339,140,67500.0,200,43750.0,28,27,12
"fullerton, pennsylvania",1254,3563,3269,1592,1096,171800.0,604,63996.0,765,1197,23
"emporium, pennsylvania",160,689,393,152,58,66100.0,39,51310.0,6,6,2
"lincoln, california",2258,6249,12935,7080,3618,347200.0,1413,77569.0,1928,1488,13
"rialto, california",18809,16658,16558,4012,1626,208100.0,7200,60079.0,19431,1410,578
"carmichael, california",2973,9344,17891,8956,6094,289900.0,4002,84928.0,910,2803,233
"florin, california",9143,9203,9951,2832,818,150800.0,3630,51777.0,4588,8397,458
"vineyard, california",1966,3138,6354,3507,1419,297800.0,1091,88718.0,790,3452,73
"hollister, california",5962,5670,6989,2378,762,320400.0,2117,85063.0,6954,490,5
"artesia, california",2656,2742,3067,2171,884,395200.0,505,71429.0,2206,3285,13
"azusa, california",6049,7946,7786,3620,1698,325700.0,2069,73313.0,8433,1522,48
"baldwin park, california",17786,15077,9331,4191,1173,311600.0,4247,64138.0,19516,7032,30
"cerritos, california",2973,5238,10322,11080,6155,605400.0,1547,99560.0,1286,10259,51
"inglewood, california",19641,14715,24126,8729,4282,335000.0,7903,68308.0,22485,1347,1433
"lennox, california",6380,3000,2288,628,159,331300.0,1145,59682.0,8348,221,119
"colusa, california",975,625,1411,460,134,188400.0,253,63590.0,1044,19,14
"chowchilla, california",4266,3995,4040,840,310,146600.0,320,45045.0,1934,376,51
"cathedral, california",8418,9791,10159,3582,2108,186100.0,2573,49387.0,10870,698,86
"tulare, california",9845,10230,10635,3093,1038,156500.0,2570,62124.0,11110,1494,164
"denair, california",874,843,827,389,114,165400.0,245,70991.0,512,45,34
"oakdale, california",1862,3922,5490,1360,718,221600.0,1327,75888.0,1468,110,31
"los angeles, california",641622,513485,624163,553583,282529,471000.0,210978,84975.0,744064,268191,16153
"stanton, california",7837,5336,7222,2853,1206,295900.0,1746,61420.0,7609,5297,7
"marin city, california",357,343,705,379,269,513700.0,233,76750.0,159,304,62
"mather, california",296,482,1055,719,316,268800.0,245,87716.0,101,368,4
"mayfair, california",941,642,737,87,81,104600.0,140,47500.0,808,218,25
"meadowbrook, california",571,568,632,151,62,115800.0,211,48830.0,361,91,10
"mead valley, california",4862,3029,2378,483,179,171700.0,1608,60045.0,4757,112,43
"montclair, california",6991,6914,6365,2540,573,264100.0,1506,61517.0,7391,1868,56
"twentynine palms, california",1223,3544,4650,2016,663,121700.0,1253,53201.0,270,322,244
"lompoc, california",6784,7410,9071,2243,1256,230500.0,2384,71166.0,7048,433,91
"foothill farms, california",3005,6395,8146,2223,814,162200.0,1771,55046.0,1682,2713,245
"north highlands, california",4637,8170,11996,2306,772,149400.0,2240,52624.0,3059,4082,424
"lakewood, california",6600,12294,20407,10747,4355,424200.0,3051,89789.0,4724,4785,65
"malibu, california",230,1222,2454,3176,2734,1937000.0,509,142486.0,61,211,7
"grand terrace, california",892,2157,2887,1249,1172,237300.0,651,73277.0,746,195,14
"hesperia, california",12233,17506,18807,3310,1822,158700.0,5724,55776.0,8399,899,527
"yucaipa, california",4705,9129,14004,4212,2464,221100.0,2778,66199.0,2331,795,32
"rosemont, california",1505,3373,6517,3051,983,191700.0,1570,71549.0,810,1841,134
"west modesto, california",1560,839,734,166,60,114000.0,763,43261.0,1416,224,21
"american canyon, california",1890,2369,4570,2709,1199,343200.0,907,86462.0,1679,1834,25
"sacramento, california",52338,65532,102394,59846,34472,238500.0,28688,73002.0,31383,40429,3653
"atwater, california",4592,4326,5556,1516,698,147500.0,1968,60801.0,4088,628,26
"oakland, california",56346,46986,72141,63049,49446,458500.0,22850,95465.0,41297,38480,5306
"orange cove, california",2871,1338,450,191,42,116300.0,736,45486.0,3798,63,10
"burbank, california",8588,13762,24395,20424,8607,586200.0,4945,96266.0,6728,10745,12
"east los angeles, california",39677,16818,13343,3621,952,306700.0,8363,55130.0,48856,586,28
"randolph, massachusetts",3102,6669,6672,4836,2391,266900.0,2494,82025.0,358,4509,395
"brockton, massachusetts",11650,21113,17570,7577,3262,221400.0,5395,70731.0,2885,13318,1826
"framingham, massachusetts",5328,11375,8996,13732,9046,345700.0,2380,99700.0,3790,6985,399
"raynham center, massachusetts",213,817,801,733,391,290200.0,93,89628.0,44,182,40
"taunton, massachusetts",7122,13818,11308,5057,2404,236600.0,2361,74975.0,756,3462,67
"northampton, massachusetts",1081,3267,3783,4701,6308,290800.0,1269,84950.0,371,418,8
"milton, massachusetts",542,2726,3300,5329,5359,499300.0,779,135211.0,56,737,34
"north plymouth, massachusetts",311,1118,732,274,185,296900.0,106,92269.0,11,391,22
"west rancho dominguez, california",4061,4184,4119,1216,402,251700.0,1281,60716.0,3704,157,404
"cudahy, california",7409,2876,2084,410,192,248000.0,1388,51094.0,10497,99,24
"florence-graham, california",20130,8021,4705,1209,317,255400.0,3339,48911.0,24629,124,410
"gardena, california",7585,11278,13188,7361,2312,354900.0,2949,61446.0,7648,5832,291
"hawthorne, california",14197,13298,16384,7646,2673,404900.0,4321,80333.0,16526,3313,1058
"patterson, california",3093,3868,3927,907,323,174800.0,1281,55357.0,2798,777,33
"riverbank, california",3491,4266,4471,1604,573,195300.0,1495,70733.0,3779,309,10
"rancho mirage, california",696,2878,5137,3756,3067,478500.0,516,83056.0,217,363,11
"lathrop, california",2718,3392,3808,1499,352,208300.0,1036,66289.0,2134,1589,51
"san mateo, california",8790,11546,19220,20220,13554,778500.0,3532,116561.0,10260,8640,18
"boron, california",291,536,493,116,30,55700.0,124,43580.0,105,21,57
"ladera heights, california",156,587,1854,1514,1441,789400.0,472,121075.0,105,51,52
"westmont, california",5779,5629,6217,1090,288,312200.0,2080,54968.0,5503,43,1404
"fair oaks, california",1319,3732,8129,6182,3767,366600.0,1729,97574.0,483,1168,32
"bakersfield, california",43363,54200,70590,29458,14857,199600.0,18326,76639.0,36954,9291,2141
"corona, california",15334,25092,32885,18402,8884,351900.0,7119,91654.0,12597,6887,261
"lemon hill, california",2921,2475,2031,433,61,103800.0,960,40670.0,2407,1119,280
"rio vista, california",508,1572,2620,1076,656,230500.0,429,64662.0,175,140,16
"vallejo, california",10298,20468,30797,15049,4963,231700.0,8477,76737.0,8423,7622,1647
"alum rock, california",2207,1995,1923,558,248,417200.0,620,76923.0,2316,917,28
"milpitas, california",6736,8419,13234,13808,7912,583400.0,3175,121493.0,2245,17062,29
"morgan hill, california",2950,4537,8777,6199,4033,625700.0,1773,115814.0,2648,1207,109
"tara hills, california",545,950,1259,326,177,297300.0,390,82176.0,554,310,81
"mill valley, california",219,542,1580,4082,3683,1157500.0,203,171955.0,179,169,8
"brentwood, california",3312,7191,14469,7748,2581,392600.0,1709,106819.0,2745,1396,122
"roseville, california",4639,15285,33187,21285,9830,332600.0,4385,95529.0,2591,4316,51
"east richmond heights, california",121,403,910,599,463,377000.0,75,70511.0,102,219,11
"colma, california",163,244,323,266,61,568000.0,58,107222.0,240,147,13
"blythe, california",4423,4282,4551,724,481,122200.0,880,58651.0,2532,136,128
"buttonwillow, california",378,245,164,10,7,119900.0,99,40606.0,544,19,24
"banning, california",4259,7081,6729,1938,1287,165700.0,1548,45170.0,2709,654,163
"brawley, california",4511,3649,5081,1538,438,143600.0,2089,56016.0,6087,118,25
"el centro, california",7875,5138,7914,3082,1749,154500.0,2925,67449.0,11868,412,107
"indio, california",13763,14340,15758,5480,3012,212300.0,5063,60612.0,17697,912,78
"murrieta, california",5120,14662,26769,12309,6699,310100.0,5588,85807.0,3520,2922,225
"calexico, california",10160,3993,6056,2318,893,161400.0,3131,52654.0,19859,319,16
"delano, california",13899,8682,6079,1769,437,147700.0,3139,49214.0,16563,2727,91
"golden hills, california",443,1290,2311,785,425,206600.0,303,76216.0,298,25,9
"hercules, california",1148,2532,6128,5546,1765,395800.0,738,113252.0,662,2984,101
"oakley, california",3476,6731,9539,3081,866,279000.0,1875,95364.0,3011,933,67
"rodeo, california",744,2040,2163,1161,502,305400.0,599,88520.0,587,807,20
"fresno, california",74340,69019,96032,40894,18957,177500.0,32154,64312.0,52714,28383,3687
"west sacramento, california",5519,7846,10615,5198,2778,252800.0,2509,74746.0,4137,4383,134
"live oak, california",1576,1872,4206,2854,1632,544800.0,556,90794.0,2284,227,9
"oceanside, california",16482,25529,42761,20330,10403,360900.0,6894,75492.0,18705,4716,369
"morro bay, california",706,1514,2859,1857,1100,491600.0,372,75043.0,503,288,44
"la mirada, california",3615,7504,11449,5819,3751,425900.0,1737,87995.0,3189,3856,6
"la verne, california",1971,3669,8385,5012,3110,461800.0,1116,88086.0,836,1475,10
"lawndale, california",6269,5194,6186,2478,796,378500.0,1249,65779.0,8078,1503,85
"willowbrook, california",5487,2846,2042,390,85,223800.0,1444,53898.0,5840,51,239
"lancaster, california",17953,28384,35663,9415,5120,170600.0,6826,65130.0,13867,2362,2446
"rowland heights, california",5697,7592,10044,9993,3283,505400.0,1357,74417.0,4154,15383,8
"north richmond, california",701,634,699,183,72,242300.0,196,61991.0,875,218,108
"elk grove, california",9622,19660,35983,25789,10280,288400.0,7222,90196.0,3579,16876,710
"mountain view, california",3875,6217,9739,16402,20018,882300.0,2792,143669.0,4748,6955,34
"lake forest, california",4432,8610,17482,16294,7720,524400.0,2514,112425.0,5408,3434,23
"santa ana, california",88765,44590,40260,16409,6531,360800.0,13128,70552.0,113477,19115,52
"la presa, california",4385,5670,9070,2696,920,291900.0,2250,70250.0,4297,1441,181
"duarte, california",2682,3654,4119,2779,1796,374600.0,1049,83329.0,3016,1483,77
"fort bragg, california",698,1330,1737,670,280,290800.0,303,55455.0,1046,37,19
"oasis, california",2072,261,130,11,10,12000.0,541,29265.0,2942,3,3
"parkway, california",2581,2472,2829,643,227,156200.0,991,50993.0,2514,1369,195
"whittier, california",9358,13300,19768,8272,5280,437200.0,3223,94030.0,9560,1483,19
"cherryland, california",2523,3232,2676,1081,306,308800.0,878,72519.0,3476,786,81
"stockton, california",44860,44141,58372,21033,10073,172500.0,19589,66020.0,33260,24735,2678
"long beach, california",62714,56777,95715,57227,31548,431300.0,24920,84784.0,59185,22178,3052
"pasadena, california",12722,14009,23816,26624,24003,628000.0,6059,109496.0,14921,8323,401
"pomona, california",29280,22323,22656,11326,4506,281300.0,8323,66367.0,31450,6739,319
"west carson, california",2426,3587,4430,4155,1353,366300.0,976,72321.0,1993,2675,34
"napa, california",10170,10977,16844,10057,5256,441000.0,3107,88822.0,12807,852,13
"colton, california",8824,8033,8962,2299,1442,167300.0,3269,58073.0,8906,887,305
"loma linda, california",1627,2799,3985,4721,3656,278100.0,773,90791.0,813,2672,77
"mentone, california",692,1823,2362,845,655,224600.0,534,76458.0,292,232,20
"muscoy, california",3399,1503,998,219,45,168400.0,952,43349.0,2877,23,26
"madera, california",14254,7509,9272,2293,788,153800.0,1641,53750.0,15543,1069,205
"novato, california",2616,6215,12797,10549,6976,579700.0,1803,99518.0,3535,1695,17
"country club, california",1465,1689,2682,624,250,127500.0,821,50241.0,740,50,17
"chino, california",12355,13662,18145,7964,3223,348400.0,3693,85085.0,6736,3569,29
"san bernardino, california",38391,33561,34805,9467,4434,159800.0,14426,54055.0,35998,5408,2070
"hacienda heights, california",5522,8460,10955,9805,4157,489800.0,1729,85904.0,4672,10697,14
"lakeside, california",1165,4830,5629,1732,706,336200.0,1021,75018.0,839,210,54
"national, california",10254,10095,11876,3875,889,290500.0,2943,60013.0,12575,4534,129
"san marcos, california",10621,10572,18878,11791,5159,393500.0,2376,79972.0,14750,4155,18
"santa rosa, california",16844,23492,41257,23134,13124,386100.0,7056,79603.0,17337,4766,64
"irvine, california",5771,13017,33283,58652,44332,688200.0,7937,124275.0,2969,33115,133
"los alamitos, california",637,1459,2575,1787,1258,647900.0,461,106964.0,243,628,31
"newark, california",3829,9374,8884,5975,2952,492400.0,1497,100612.0,3287,4282,89
"merced, california",11577,10602,15528,4739,2954,158100.0,5688,62931.0,8875,3325,370
"tracy, california",8522,13281,17573,8971,2887,295600.0,4412,93139.0,7896,4800,106
"clearlake, california",2129,3349,3849,516,345,85100.0,1297,30227.0,1042,78,15
"arcata, california",694,1170,2547,2458,1713,319300.0,1710,53925.0,422,125,14
"view park-windsor hills, california",398,797,3134,2151,2441,553100.0,674,106851.0,117,89,114
"west athens, california",1394,1541,1512,530,360,346600.0,669,60825.0,1778,105,138
"antelope, california",2513,8108,12022,4684,1373,224500.0,1960,75515.0,841,6421,156
"oroville, california",1606,2929,4254,691,306,158200.0,780,52165.0,231,648,7
"easton, california",339,302,397,165,56,153100.0,122,66750.0,278,12,6
"sonora, california",475,856,1258,578,342,272500.0,311,63750.0,74,166,70
"castro valley, california",3437,9918,14244,10593,5772,556400.0,2289,107897.0,2582,5331,90
"clovis, california",6960,13080,24157,11939,6529,247700.0,4514,84268.0,3051,4060,122
"chico, california",4027,8462,19627,12347,6120,263500.0,4466,71890.0,2066,1452,54
"east rancho dominguez, california",4192,2147,2135,271,109,255400.0,982,57875.0,5117,19,115
"alameda, california",4863,7065,15775,17543,10882,639700.0,3172,118554.0,1248,10301,221
"albany, california",458,745,2112,4355,5231,675000.0,611,115353.0,352,1985,8
"lynwood, california",18972,10576,8209,1788,627,289500.0,3752,60957.0,23862,285,302
"fairview, california",600,1518,2904,1725,1005,466400.0,515,105473.0,563,754,69
"san lorenzo, california",2980,4966,5126,2975,860,368600.0,1471,83030.0,2656,3132,58
"east hemet, california",2219,3795,4250,941,618,155300.0,1375,56131.0,1918,59,61
"weymouth, massachusetts",2700,12153,12507,9115,4139,320700.0,2535,86787.0,224,2066,23
"winthrop, massachusetts",704,3981,4124,3109,1585,357400.0,709,80704.0,226,893,26
"needham, massachusetts",409,2052,2562,6458,8523,684100.0,841,153618.0,71,1073,69
"quincy, massachusetts",7835,17798,15693,17993,10047,351800.0,4197,86944.0,494,16568,116
"cambridge, massachusetts",4113,6874,7120,20872,33639,581700.0,3278,118207.0,1556,6465,503
"pinehurst, massachusetts",398,1806,1554,926,425,356000.0,218,109536.0,8,134,10
"norwood, massachusetts",1162,5400,5191,5918,3253,383200.0,1009,98545.0,274,1433,9
"east falmouth, massachusetts",510,1158,1378,814,820,356700.0,308,72222.0,11,192,25
"middleborough center, massachusetts",430,1766,1493,972,388,251500.0,406,86715.0,10,77,11
"el sobrante, california",440,1109,3646,2244,2207,417000.0,1494,102605.0,303,864,68
"elverta, california",578,1430,1364,240,168,199500.0,223,62901.0,161,404,15
"fairmead, california",481,331,321,36,60,280800.0,55,80550.0,258,10,5
"el sobrante, california",868,2840,3392,1664,838,302500.0,706,74045.0,650,1250,40
"french valley, california",1551,3599,7122,2951,1414,325700.0,1130,95347.0,775,1045,18
"fruitridge pocket, california",1467,924,773,200,27,119300.0,445,40043.0,979,632,72
"yuba, california",9017,10252,15108,5000,2245,197100.0,4129,68283.0,5350,5577,79
"valle vista, california",1762,3248,3961,985,721,129700.0,899,45648.0,747,201,16
"bay point, california",4210,3480,3500,1486,325,165900.0,1804,61830.0,5403,832,273
"el cerrito, california",1143,2003,4338,5685,5380,608400.0,1150,106960.0,540,2721,54
"pinole, california",1511,2800,5345,2892,1459,359600.0,605,85000.0,800,1482,73
"port hueneme, california",2845,3660,4991,1654,830,297000.0,983,67101.0,2959,537,14
"livingston, california",3790,1500,1741,613,224,167400.0,897,60345.0,3559,1463,7
"east palo alto, california",5744,4213,4029,1853,942,417800.0,1609,80104.0,7929,956,89
"redwood, california",8625,9670,13586,13606,10465,859100.0,2364,120760.0,12652,2662,61
"san bruno, california",3340,6317,10348,7445,3411,615000.0,1618,97143.0,3198,3693,5
"martinez, california",1820,5140,10187,6887,3240,435500.0,1585,106262.0,880,1083,66
"pittsburg, california",8721,10611,15150,5936,2148,245600.0,4147,77419.0,9637,4694,556
"walnut creek, california",1382,5389,12620,18773,13277,609000.0,2133,98396.0,991,5336,16
"los banos, california",6966,5784,5988,1661,576,164400.0,2159,60286.0,8963,638,41
"daly, california",11037,15978,23248,20515,4718,580500.0,4797,91342.0,7817,22153,31
"concord, california",11402,20397,29467,19355,7873,389000.0,6173,89209.0,13673,6421,407
"discovery bay, california",358,2020,4431,2222,685,402300.0,491,111083.0,279,192,105
"san ramon, california",1256,4218,10773,19187,12563,754700.0,1856,160432.0,701,8489,47
"redding, california",5753,14808,26001,9605,5028,225700.0,3816,61410.0,1018,1650,34
"diamond springs, california",1167,2431,3578,1366,491,236100.0,747,62616.0,178,226,35
"sunnyvale, california",9116,12147,20303,31488,32393,790300.0,5640,129756.0,7908,19328,54
"cotati, california",499,849,1634,1183,501,410300.0,393,87667.0,281,158,5
"aliso viejo, california",1189,3649,9423,12803,6000,493300.0,1732,122108.0,943,2852,70
"goleta, california",2135,3666,5916,4597,3972,634100.0,957,97892.0,2807,822,28
"belmont, massachusetts",538,1598,2578,5150,7820,681000.0,614,151277.0,251,1751,6
"maynard, massachusetts",343,1944,1572,2098,1729,334000.0,329,112303.0,144,166,49
"newton, massachusetts",1495,5667,6352,16243,27925,739700.0,2083,157532.0,635,5916,134
"haverhill, massachusetts",5099,12247,13366,8041,4263,256900.0,2852,84153.0,3010,1053,20
"burlington, massachusetts",1114,4244,4346,4837,3793,424800.0,748,103986.0,197,1496,16
"webster, massachusetts",1743,3223,2070,1110,378,187000.0,820,70267.0,673,507,42
"everett, massachusetts",5933,11195,7350,3529,1400,317600.0,1952,69611.0,4246,7617,310
"lowell, massachusetts",14921,23379,16891,9613,5853,232200.0,6222,75608.0,6313,15074,388
"peabody, massachusetts",3687,12894,10392,7246,3923,335700.0,1609,82479.0,1201,2426,65
"fall river, massachusetts",17725,20620,15169,6032,2516,232500.0,5438,61448.0,2153,8861,323
"south amherst, massachusetts",101,226,415,687,769,341300.0,412,108077.0,65,464,52
"chelsea, massachusetts",8381,7904,3858,2441,1659,274100.0,1928,76123.0,12533,1903,96
"casa de oro-mount helix, california",1134,2820,4365,3267,2759,579400.0,978,105224.0,427,818,24
"san diego, california",115610,147066,255411,232401,158136,463300.0,59473,92800.0,111439,92535,3535
"king, california",4227,1690,828,228,112,198900.0,839,55699.0,6731,164,7
"salinas, california",36390,20171,22451,7674,3132,276200.0,6190,71966.0,52524,2862,80
"fairfield, california",9951,16713,25917,12106,4600,279600.0,5585,86915.0,8398,5376,613
"san luis obispo, california",1557,2790,7160,7199,4770,546200.0,1527,94015.0,1750,718,44
"los gatos, california",615,1754,4825,8263,6575,1208900.0,737,162788.0,150,1436,28
"woodland, california",7462,9005,11105,5548,3295,269000.0,2627,78038.0,8098,1915,65
"arcadia, california",3224,6543,9933,13200,7975,870800.0,1896,107889.0,1307,15877,24
"carson, california",12789,13819,20732,11245,4029,351000.0,5959,82053.0,10432,8890,260
"compton, california",22002,14264,14828,2969,1048,243500.0,6466,57394.0,24747,507,1300
"diamond bar, california",3124,5741,10647,13408,6832,562100.0,2431,98845.0,1139,11501,52
"marysville, california",1379,1875,3180,612,366,130200.0,735,50990.0,639,253,50
"oxnard, california",41773,25888,34078,14150,5495,345800.0,9741,81098.0,54412,5860,232
"eastvale, california",4075,6507,10728,7847,4049,429500.0,2896,113074.0,3653,6406,62
"imperial beach, california",3431,3686,6794,1878,979,356500.0,1554,74596.0,3169,925,74
"pacific grove, california",549,1873,3387,3591,2709,689200.0,387,103611.0,165,442,15
"seaside, california",5101,4783,6534,3171,1464,346600.0,1612,68255.0,6219,1480,121
"suisun, california",2327,4332,8481,2882,612,229100.0,1351,78482.0,1184,1699,239
"apple valley, california",6358,13841,17550,4398,3348,179600.0,3753,61366.0,2115,868,484
"barstow, california",2667,4347,4656,944,575,92600.0,1250,62463.0,1535,212,420
"san buenaventura (ventura), california",8191,14714,27571,15292,9477,434900.0,4644,87681.0,8583,1920,23
"san pablo, california",6710,4642,4659,1805,691,196000.0,1674,54692.0,7112,2613,164
"santa clarita, california",12914,22839,43024,26063,12232,395700.0,8492,98541.0,14024,5441,79
"culver, california",2279,3351,7991,8981,6633,632000.0,1678,98101.0,1809,2037,41
"montebello, california",12128,12481,10227,5750,2271,402600.0,2263,67746.0,13643,4493,34
"pico rivera, california",13142,12430,11099,3525,1080,336000.0,3169,66080.0,15898,745,21
"signal hill, california",990,1447,2082,1660,833,380100.0,552,90761.0,797,421,54
"rancho cordova, california",4766,11115,17221,8199,3362,205500.0,4456,71906.0,3226,6290,493
"riverside, california",40582,46999,59147,24749,17082,261400.0,18528,77754.0,35952,8026,612
"temecula, california",5614,13495,26034,13332,6977,335200.0,4495,94871.0,4398,3480,59
"pacifica, california",1598,4642,10063,7541,3830,633600.0,1283,113786.0,892,1862,39
"encinitas, california",2500,4650,11017,15526,11085,755400.0,2223,115914.0,2217,1199,23
"escondido, california",24785,18390,29852,14422,6377,346000.0,5741,77572.0,31669,4235,102
"menifee, california",7788,15681,22570,6111,3278,217900.0,5079,61778.0,5180,1366,75
"dublin, california",2905,4901,8695,12369,7310,632200.0,1191,138355.0,903,5263,10
"emeryville, california",275,628,1729,3362,2921,327700.0,497,88574.0,170,757,37
"costa mesa, california",11755,12605,23701,20348,8463,606900.0,5088,94281.0,12104,3218,38
"orange, california",14422,17556,28049,20372,10752,534300.0,5789,102413.0,16693,5863,56
"alondra park, california",1105,1181,1484,904,325,441800.0,521,93088.0,1211,893,93
"altadena, california",3338,4439,9275,8522,6209,599400.0,2071,101879.0,3141,1646,290
"claremont, california",1553,2421,6037,5667,7190,558400.0,1425,115889.0,953,2043,11
"glendora, california",3405,6526,13405,6998,4236,461900.0,2500,89120.0,1709,2164,38
"huntington park, california",19952,6595,5512,1557,403,298500.0,3539,62719.0,26445,173,13
"lake los angeles, california",1790,2728,2278,295,129,100300.0,658,44317.0,1747,71,101
"hanford, california",6337,8020,12510,4332,1877,174600.0,2899,72297.0,6625,811,152
"windsor, california",2387,3875,6464,3763,1602,407700.0,1154,94744.0,2120,199,9
"highland, california",7844,7668,9859,3222,2799,250800.0,2937,75935.0,6685,2204,367
"ontario, california",29970,27458,30521,10653,3480,268500.0,9203,67115.0,34067,3819,329
"yucca valley, california",2148,4453,6382,1067,729,131700.0,1225,45854.0,458,244,130
"hemet, california",11028,17540,19348,3956,2032,124800.0,5609,39969.0,7294,1433,661
"perris, california",13766,10429,10510,2168,940,178900.0,5301,55557.0,14638,766,527
"waterford, california",1883,1134,1435,237,166,139200.0,887,67159.0,1635,80,22
"san juan capistrano, california",3752,4860,7080,5482,2934,541400.0,1588,86610.0,5935,593,16
"big bear lake, california",431,870,1546,607,312,368200.0,222,61595.0,279,87,34
"good hope, california",2136,1611,935,258,54,160900.0,785,46402.0,1925,20,12
"south dennis, massachusetts",146,889,901,556,330,284000.0,172,53446.0,13,25,18
"revere, massachusetts",6972,15113,9464,5220,2414,313500.0,2590,67890.0,6133,5862,89
"barnstable, massachusetts",1878,8719,10232,7305,5172,349000.0,1695,69294.0,452,1295,86
"westfield, massachusetts",2282,7534,7763,5747,2801,222700.0,1895,81649.0,297,1992,18
"new bedford, massachusetts",18500,20790,15322,6851,3511,206900.0,5097,57452.0,6004,9647,457
"bridgewater, massachusetts",232,1345,944,589,365,270100.0,515,80425.0,91,369,62
"lexington, massachusetts",676,1818,2564,5831,11618,736600.0,973,171684.0,64,2145,14
"bostonia, california",1968,3452,3792,996,235,247200.0,1170,55329.0,1285,698,87
"el cajon, california",12749,18972,20913,8658,3733,345800.0,6682,78237.0,6385,12631,226
"atascadero, california",1510,4145,8408,4226,2101,383800.0,636,85388.0,837,191,30
"victorville, california",14850,19913,26163,4473,3040,143800.0,6531,58892.0,13085,1985,1507
"rancho san diego, california",1118,2758,5559,3841,2133,490500.0,969,94658.0,585,1488,41
"anaheim, california",53281,51454,61248,38932,15468,431400.0,16116,91238.0,62112,23721,313
"fullerton, california",12068,16702,26378,21875,12873,522500.0,6208,95033.0,13538,14764,115
"brea, california",2186,4144,9190,7764,4298,550100.0,1747,110186.0,1475,2454,38
"huntington beach, california",10821,23545,48571,37214,21517,642900.0,7792,105291.0,8333,7899,10
"tustin, california",8483,8727,13826,13057,7279,514500.0,3294,96154.0,9311,5587,58
"ashland, california",3407,4137,4508,1999,522,306000.0,1469,70817.0,4087,2486,291
"richmond, california",16339,15334,21357,11842,6497,296600.0,5762,77492.0,18236,7087,1034
"vine hill, california",696,881,716,293,113,276700.0,271,62167.0,551,119,9
"belmont, california",952,2119,4717,5386,5629,963300.0,898,160185.0,792,1890,10
"menlo park, california",1741,1818,3301,6673,9180,1374600.0,758,176607.0,1749,1393,38
"newman, california",1496,2070,1964,614,88,148700.0,922,57508.0,2100,49,10
"porterville, california",10194,8238,8947,2335,1061,149400.0,2804,48887.0,9311,771,8
"galt, california",2467,4506,5214,1781,603,214100.0,1528,74506.0,2633,564,56
"la riviera, california",523,1320,3147,1928,786,217900.0,614,76585.0,348,413,61
"san jacinto, california",7093,7987,9092,2322,973,146100.0,3129,54559.0,6153,851,108
"arvin, california",6454,1649,1346,238,34,107200.0,1284,44547.0,8006,115,8
"armona, california",691,571,636,65,28,112800.0,354,46297.0,628,107,14
"buena park, california",9153,12448,16371,12534,3735,419600.0,2432,88056.0,12535,12195,173
"san leandro, california",10913,16142,17425,12222,5370,391200.0,3845,83460.0,8141,13967,243
"sanger, california",5235,2828,4483,1369,530,161800.0,1521,63395.0,5587,52,14
"alhambra, california",11914,14040,15379,13654,6601,494500.0,2950,82418.0,5044,22558,9
"citrus, california",1880,2327,1901,673,228,331300.0,619,61012.0,2260,399,10
"norwalk, california",17723,18138,20693,7533,2757,331400.0,4675,71036.0,22421,7124,143
"santa cruz, california",2476,4432,9810,9841,7882,659500.0,2431,100686.0,2820,1014,27
"ceres, california",8878,8252,8144,1799,591,161200.0,3429,57945.0,9012,1992,21
"hawaiian gardens, california",3564,2460,1754,703,174,254200.0,605,39298.0,4909,721,15
"la puente, california",9905,7398,5439,1768,538,320300.0,1734,65260.0,10325,2160,36
"paramount, california",13150,8081,7465,1892,678,262300.0,2642,61593.0,16521,752,317
"santa monica, california",3412,6852,14796,26802,20305,1030500.0,5081,132076.0,3429,5308,24
"south gate, california",27236,14307,11303,3396,944,312200.0,6002,65030.0,36529,332,42
"west covina, california",12185,17674,23116,14414,4693,404400.0,6539,83455.0,8769,11239,69
"garden grove, california",30264,28476,34629,16453,5280,421700.0,7733,75885.0,19694,37484,17
"linda, california",2684,2617,3887,575,213,147500.0,1097,46505.0,1768,679,47
"wheatland, california",362,667,955,199,120,171900.0,321,69653.0,145,112,21
"santa maria, california",24001,10826,15732,5258,2240,262200.0,4100,70020.0,28469,2993,28
"guadalupe, california",1707,862,1066,242,25,203100.0,275,67125.0,1844,114,12
"santa barbara, california",9783,8208,15830,16419,11339,846400.0,3004,104896.0,13179,2082,34
"california, california",1768,2630,3265,598,351,91700.0,1371,66313.0,981,126,205
"el paso de robles (paso robles), california",3338,4443,8335,3036,1411,361900.0,1200,75938.0,4260,200,53
"malden, massachusetts",6057,12870,9955,7854,6305,330100.0,3384,80815.0,1591,13403,376
"lynn, massachusetts",11773,19175,16369,7850,3529,254600.0,4246,81325.0,12689,6585,532
"leominster, massachusetts",3935,9317,7962,5232,2627,227700.0,2042,83755.0,2173,1138,21
"worcester, massachusetts",18682,34910,29205,21755,13087,205200.0,8895,74243.0,14101,16464,1037
"pittsfield, massachusetts",3303,10616,9656,4846,3366,172500.0,2464,61586.0,664,807,201
"manteca, california",7956,14807,15908,4876,1827,235800.0,4933,75427.0,5856,2373,184
"san jose, california",116024,120090,174746,158812,101583,609500.0,44449,112359.0,92657,142675,948
"san francisco, california",85571,83938,135102,215189,139972,799600.0,34388,116309.0,36752,136972,1969
"santa clara, california",6682,12156,18402,24154,20819,673600.0,4156,122150.0,4811,14913,113
"santee, california",2698,9544,15493,6804,3245,348100.0,2499,88425.0,1023,1211,25
"vista, california",14589,15608,20855,8465,3699,360700.0,2883,69482.0,20920,2237,33
"san rafael, california",6003,6183,10445,11302,8486,714900.0,1773,118705.0,8254,2240,121
"beaumont, california",3371,5940,9964,3542,2714,227200.0,1496,76719.0,2326,1684,69
"bermuda dunes, california",549,1712,1320,1038,536,309500.0,440,85221.0,407,34,16
"rocklin, california",1621,6526,15204,10796,4606,352300.0,2543,99326.0,639,1724,25
"corcoran, california",7173,4325,4814,307,153,107000.0,735,40357.0,4268,117,64
"farmersville, california",2580,1584,1268,133,42,114500.0,749,40262.0,2827,14,32
"visalia, california",13460,18646,27908,11816,6016,174400.0,5133,66439.0,12757,3001,208
"la habra, california",7355,10286,12718,6483,2908,405000.0,3127,82520.0,10755,2162,8
"gloucester, massachusetts",2472,6387,5479,4697,2828,364000.0,1445,85905.0,200,862,8
"medford, massachusetts",3525,10245,9009,9771,8704,401000.0,1877,91234.0,852,5040,147
"boston, massachusetts",64276,93732,79743,107947,88777,393600.0,31617,97817.0,46807,57686,7567
"somerville, massachusetts",6172,10573,7847,16908,16124,469200.0,2782,95703.0,2368,6451,396
"waltham, massachusetts",4288,9966,7858,11734,9290,417600.0,2236,99274.0,2724,4226,156
"woburn, massachusetts",1737,9335,7020,6490,3989,365600.0,1480,99811.0,150,2408,125
"holyoke, massachusetts",5979,7504,6684,3842,2320,186500.0,2277,71109.0,6317,394,138
"hudson, massachusetts",1174,3407,3108,2310,1267,279200.0,365,85833.0,250,1260,29
"turners falls, massachusetts",494,948,860,534,280,187800.0,268,58750.0,43,31,22
"chicopee, massachusetts",5862,14966,11929,4438,2428,173000.0,2564,65199.0,1652,2498,88
"springfield, massachusetts",21860,29205,25424,9917,6280,144700.0,8375,59937.0,18053,3847,1470
"dedham, massachusetts",1084,4276,4294,4953,3627,383700.0,694,99324.0,486,804,8
"hayward, california",20244,26460,29490,18767,6859,364600.0,8184,88693.0,22682,17630,817
"livermore, california",4947,10049,19777,14993,8414,537200.0,2287,119895.0,4312,2648,43
"lemon grove, california",3256,5104,6378,1916,812,316500.0,1651,73005.0,2545,851,81
"foster, california",960,2283,4951,8204,7343,897200.0,1180,129577.0,317,4961,10
"oildale, california",3982,7420,7707,1732,599,123900.0,1975,53232.0,632,214,9
"moreno valley, california",28968,32105,38453,11849,5311,208300.0,12775,68003.0,28770,5155,1957
"nuevo, california",1062,1586,1145,424,146,217400.0,432,70687.0,1107,23,25
"adelanto, california",5350,4617,5454,913,143,102500.0,2205,44027.0,4760,272,761
"bloomington, california",5977,3881,3707,808,146,186400.0,1925,50658.0,7168,143,45
"redlands, california",4340,9608,14223,9220,7705,310200.0,2468,95339.0,2315,1712,173
"rosamond, california",2326,3325,4555,874,478,129400.0,1145,74122.0,1705,293,114
"mission viejo, california",4215,10432,21825,20572,10442,584000.0,3529,112262.0,3617,4266,11
"lodi, california",7798,10536,14017,4878,2570,236100.0,3449,66392.0,7207,2542,16
"la palma, california",790,2188,3543,2975,1559,583000.0,574,98586.0,675,2554,27
"berkeley, california",3152,5368,12701,23980,27797,741900.0,5132,123095.0,2054,6217,426
"fremont, california",11987,29113,32750,43771,38447,648800.0,7334,125587.0,6047,33830,198
"avocado heights, california",2862,3293,2823,1101,534,382800.0,834,81786.0,3541,704,10
"bellflower, california",10567,13628,15153,5860,1989,354200.0,3544,73479.0,11346,3761,336
"arden-arcade, california",6408,12834,23023,14464,8435,287100.0,6735,79682.0,3295,3988,808
"citrus heights, california",5909,15941,25685,7812,3201,199200.0,5272,64780.0,3834,3401,147
"auburn, california",712,2116,3976,2131,1363,340700.0,719,74935.0,240,102,28
"exeter, california",1382,1669,2286,672,216,165300.0,479,56620.0,1139,10,13
"south monrovia island, california",1542,1409,1179,308,112,351800.0,305,60109.0,1774,182,8
"spring valley, california",2598,4563,7581,3195,1652,359600.0,1563,83571.0,1432,1022,94
"spring valley lake, california",236,1347,2443,502,510,225600.0,360,80055.0,31,91,24
"stevenson ranch, california",556,1509,3745,3617,2413,600800.0,693,152554.0,379,1348,11
"sun village, california",2260,1696,1913,535,108,138600.0,460,60537.0,2040,78,6
"wasco, california",7343,4163,2943,331,245,135400.0,1464,52488.0,7957,68,73
"camarillo, california",3632,7593,16244,11541,7456,470200.0,2240,104489.0,3104,1612,25
"thousand oaks, california",6749,12674,25976,25340,17894,614800.0,5763,116586.0,6556,4306,68
"lake elsinore, california",7815,8403,12086,3842,1677,230400.0,3447,73549.0,6870,1515,70
"palm springs, california",4723,7455,12716,7785,5052,280500.0,2350,58924.0,3716,1221,167
"pleasanton, california",2420,6190,12013,17463,12202,772500.0,2042,149250.0,1463,6397,61
"desert hot springs, california",5348,4667,4604,1243,713,125500.0,1660,45187.0,3823,442,249
"union, california",6173,13381,13239,12466,5504,521400.0,2693,103587.0,3154,13058,131
"davis, california",1333,2658,5321,9897,14642,537500.0,2119,122589.0,1222,3940,48
"silver lakes, california",296,1032,1778,621,418,215200.0,286,73214.0,50,113,33
"fallbrook, california",4168,4805,7146,3139,1461,397400.0,1169,71016.0,5878,715,9
"jurupa valley, california",18767,16300,16974,4526,1782,243900.0,6882,70945.0,20399,1248,52
"chula vista, california",30981,32366,54624,30585,13746,375700.0,12580,86501.0,39647,11093,217
"jamul, california",270,906,1484,847,692,583600.0,150,111591.0,177,143,6
"la mesa, california",3692,7867,15295,9619,4657,396200.0,2454,82403.0,2088,1558,208
"brookline, massachusetts",1372,2886,3619,11468,21340,725700.0,1786,138137.0,569,4614,93
"madera acres, california",1331,1672,1881,688,181,174600.0,248,67321.0,1280,35,38
"ridgecrest, california",1802,4497,6851,3404,1765,171300.0,1309,75486.0,735,595,79
"antioch, california",8884,19172,25768,10137,3656,258900.0,6185,81828.0,8400,4492,948
"vincent, california",3005,3416,3123,1003,229,334700.0,898,78860.0,2949,575,4
"temescal valley, california",1397,4096,5753,3115,1976,343700.0,1296,88592.0,916,749,44
"mendota, california",4396,1175,661,58,34,108100.0,1386,36920.0,6810,21,29
"bell gardens, california",13108,5756,3397,1000,260,308200.0,2212,59600.0,16904,132,23
"covina, california",4392,7235,11597,5879,2225,387500.0,2737,88573.0,3357,2394,23
"del aire, california",1379,1400,1981,1648,818,467100.0,463,79947.0,1278,320,61
"downey, california",17320,18100,21602,11090,4409,424900.0,4552,81537.0,21391,3564,189
"glendale, california",22735,27721,39789,36221,18853,619200.0,9956,99064.0,11151,56589,44
"maywood, california",9057,3324,2284,627,101,302800.0,1155,70592.0,12360,46,8
"monrovia, california",2901,5111,8425,6231,3242,562700.0,2201,101888.0,3172,1868,100
"palmdale, california",23085,23160,29858,9010,4245,188300.0,8874,67306.0,25031,3076,1339
"quartz hill, california",1026,2210,2340,671,589,196000.0,451,66203.0,699,97,70
"torrance, california",6844,18159,31567,31830,16146,638700.0,5234,101652.0,4299,18485,36
"modesto, california",24812,36384,46380,15990,8584,184600.0,14055,68721.0,16961,8311,460
"turlock, california",8305,12062,13471,6700,3669,218200.0,4450,70892.0,5819,4637,105
"rio linda, california",1813,2874,3583,1131,226,183100.0,631,57492.0,606,658,47
"goshen, california",923,336,448,43,31,113700.0,207,49097.0,1087,27,27
"marina, california",2214,2894,4452,2239,1283,360500.0,805,79494.0,1888,1795,12
"vacaville, california",7357,15537,26652,9538,4595,291400.0,4338,90497.0,3779,1667,304
"dunsmuir, california",142,282,485,213,95,155500.0,121,45852.0,52,11,9
"weed, california",188,468,624,218,84,118200.0,144,33833.0,78,40,18
"campbell, california",1826,4463,8178,9655,5291,719400.0,1235,124017.0,1575,2417,33
"gilroy, california",7265,6058,10315,5360,2546,478500.0,2507,113948.0,8534,949,58
"chino hills, california",3362,8285,16151,14783,7158,507500.0,3564,106900.0,2345,7227,77
"fontana, california",32274,31279,35326,13532,4874,268100.0,12695,81193.0,38293,5360,313
"rancho cucamonga, california",10084,22783,42650,22712,13553,386700.0,8397,97184.0,8980,10391,334
"upland, california",5507,11262,18114,10109,5628,425600.0,2629,85839.0,5766,3047,172
"salem, massachusetts",2651,7454,7872,6988,4048,308800.0,1804,84019.0,1957,1190,132
"braintree, massachusetts",1583,7565,6702,6119,3823,372000.0,1249,102875.0,197,2021,61
"greenfield, massachusetts",1102,3655,4113,2090,1874,183800.0,597,66361.0,167,473,19
"methuen, massachusetts",3743,10327,9453,6095,3471,282500.0,1954,90048.0,3352,1737,92
"southbridge, massachusetts",2120,4170,3136,1171,671,186800.0,804,67204.0,1478,325,18
"west springfield, massachusetts",2246,5687,5790,3739,2040,201600.0,1530,72121.0,571,1559,43
"lawrence, massachusetts",14876,15878,11067,3621,1723,219600.0,4747,64477.0,25355,1796,291
"milford, massachusetts",1560,5102,5067,3809,2071,274900.0,731,91667.0,688,1682,25
"danvers, massachusetts",1129,4736,5773,5280,2849,358000.0,1050,96568.0,133,414,26
"fitchburg, massachusetts",4601,8579,7299,3659,1679,177700.0,2560,75034.0,2287,1018,98
